path,size_bytes,sha256
.gitattributes,504,75d56ad43e8a72782174f903cc8a01f571d6561227f7dab4c97625f5bc00abb8
.github\workflows\deployment-package-qa.yml,3396,51d5c51ffb4075c94eb03df4e07017e54f44c5fd93b04e23e85d66dd6287421c
.gitignore,557,0822f06944a043e7fc613980046919b2baf64eb137e75e806a9beef502f240a7
backend\README.md,523,36fd5b39e935e1f2f0c394b71f92a34c464edcdffd23bb67cba4f6745dd6f8e9
CITATION.cff,396,e9686c7119ff637b01ffc386238d04a179b0c52acc5e8328d5d482e821730e2e
config\.env.example,344,8eba96aeb329cfbccc624da7f7f3ee5af1b1790d73444d6db3acb55923e94835
config\api_metadata.json,2768,4c205100ff58d20c1363b2c22851fa8054e59e0624eb945337078d11c66f8c89
config\backend_scientific_configuration.json,813,aab0758f09d3f75315c1e5920fc6f3fff9810ddf7d076e9261cbafc69ca91c6f
config\deployment_manifest.json,754,ce93567bbc5df6620a7d53cce81d78986b77a255755fd14c48d0cdef783c70a3
config\frontend_layer_configuration.json,1028,dfcca408d3a351c934b4289ba576e0911fd4730a092858fb5ba563b10990d4fe
CONTRIBUTING.md,444,c51685fb746813d79ce3a0bba3cec34353661426f8866e350d9ac7cb374a7342
data_manifest\scientific_data_manifest.json,1755,6dceaa0b825ae76902a36fff1f200c87c92074a4f7065b8354f7c436857525be
data_manifest\section40_web_layer_inventory.csv,2588,b428ef643f66bb0d6ab622d55920ffbda223496b32e8ecfd6895b5b6ecc638dc
docs\API_CONTRACT.md,957,2c7d79c12fd5d5d0186caf023845cfc4c3a53ae5c7472bef28e3785421139e2f
docs\DEPLOYMENT_CHECKLIST.md,958,61217c8185ae970c5708c62c2fd885c42af5ccb7e97c3e08b5917e2ee0931b0e
docs\GIT_LFS_POLICY.md,541,cee0e37c4786e4651f6e960667a20db2060ef60b0c8f9c3cba1d26fd236c6266
docs\publication_claim_firewall.csv,1240,79fbb2eaeaf7ff6a700d2b4a9079a8dcd1b150093f38387e739cbde39e8fe5e4
docs\publication_terminology_firewall.csv,729,844e6d8f3904eb80659cbe371dd5cb3c25e612f3a16be96839de993d81b01016
docs\SCIENTIFIC_USE_DISCLAIMER.md,804,3bcd1e4ce9c47d11bed0448aa69ebb62240e2a064d94265d457f65b19ea24e16
docs\section40_final_web_platform_report.txt,3593,4055b6e00e212d2b0c57c1363d58b495b22584e19c59ad756fb9f32fce42cdc6
docs\SECTION_41_FINAL_DEPLOYMENT_REPORT.md,2017,abef75a3e5e6908136ec6cd67948622dba2ddb0ad7753b70bf8068550064af6f
frontend\README.md,871,8c56f0f0ae8720fb7df872c7e585faff7186efce8d4ec7b6cf1e81f450530e5b
LICENSE,238,80fb36453e9c60bbbff409aff0f023c0fa1f93e617c318dfdddf9854c5bf8e63
provenance\frozen_artifact_checksums.json,604,bfbee7e78824055b89941b627691a61a25e56fb18b87296ae82ceb9400402651
provenance\SCIENTIFIC_PROVENANCE.md,1204,b5eb340f873cedaac208f987d42451f6a3195e83d1c95a0aac6526bb198f53a3
provenance\section40_final_web_platform_manifest.json,2986,65961ea61d02788d0c03486de5708f82a8ea5574d97c064360c3a8d100d2e208
provenance\section41_final_deployment_manifest.json,1759,36d5e3c1a860adcf7930a7b51e119ddbc8aefc3934a2815c7428f33ecbd172d0
provenance\section41_repository_inventory.csv,3225,6b1cb44dcc5787329105960c165effa049c57e959eab23ff9788c7191ced79c6
README.md,2763,75360c29481f5a532c0e13fe10b3d4d12d7419263218a160a1bd04278355c8ce
scripts\README.md,162,8d356af4b868a241ea03bccf3db8e92e033084244b0e6b7419bc2a2e10e84ddc
SECURITY.md,287,339a2c6141bd002f8c8cb35f7078f7dac614c6c04873f5abb167b36b02661099
VERSION,7,4ca8bbd3c595ee306226c6996b32b8d47a900217c55a7ed0cfc868ee444f34f1
